,x_dir,y_dir,z_dir
0,0.45393130649725577,0.02650513497194367,-0.8906423787367259
1,-0.0931033026983662,0.969115406871617,-0.2283574023120701
2,0.21804336668256852,0.9520540264671644,0.21459315211206229
3,0.7876173555059675,0.06762190596754207,0.6124427966260223
4,-0.7469209083298727,-0.1028637134972038,-0.6569080705435449
5,-0.055256359590042825,0.20509211974771693,0.9771816397897803
6,-0.685330188619179,0.7277440882933418,0.02666598059875573
7,-0.15811777280265413,-0.9646593096010642,0.210787063938769
8,-0.2799876809608977,0.21303797342212386,-0.9360671559190255
9,-0.5725865024928687,0.3032120437868939,-0.7617133014891881
10,-0.8403367133685481,-0.2538811123605554,-0.47893484833692546
11,0.3840961351660925,0.3106283941666381,-0.869471195433136
12,-0.5634211947769583,0.7624111542518379,-0.31825428378654225
13,0.5911638239503716,0.39760796840851226,0.7017358738944657
14,0.76879951626332,-0.0034118521480591643,-0.6394807761443693
15,-0.385666422270668,-0.14990852122739304,0.9103784081338699
16,-0.27958207594780926,-0.9281142974823632,0.2458408298422638
17,-0.8332937340737083,-0.2580466753650966,-0.4889104888284934
18,-0.2739938473580287,0.2496154814740517,-0.9287731063173732
19,0.6383315813943952,-0.44593353167394517,0.6274361142963745
20,0.6309844903207487,-0.771874304131109,-0.07790142230268304
21,-0.1989336561855007,0.7456123209010673,-0.6359934491464457
22,-0.5367404579309886,-0.5616344946868017,0.6296637000796009
23,0.7800623609023992,-0.4820156052030682,-0.3989532171121007
24,-0.5230030416040355,-0.8522509500714343,-0.011667757936510285
25,-0.20985408287802562,-0.5781114326189696,-0.7885102633286807
26,0.3290651939169177,0.41181819157370697,0.8497775445617417
27,-0.26690358577977485,-0.1461947160315993,-0.9525699874037279
28,0.7310822409734448,0.3977181937894845,0.5543816332293812
29,0.5062710218479444,-0.8421540796820683,0.18565063563555784
30,-0.11788738540230985,0.7496896349848653,-0.6512050487820765
31,-0.0019503456813628525,0.8716934310903252,-0.49004771027492794
32,0.10552214386450667,-0.9944169487595127,-9.57813084166247e-05
33,0.5652222473034462,0.2603743578312856,-0.7827700843397042
34,0.23123767079765906,0.16055320734607834,-0.9595581312327881
35,0.3206197993563032,-0.8273203223341026,0.4612418330049005
36,0.03534430157675433,-0.9993603653212707,-0.005444315474679729
37,-0.146435491192662,0.018712623323709633,-0.9890432167744283
38,-0.45652905985636655,-0.8795530514037305,0.13404345292870037
39,0.8644303797516684,-0.4393967058753721,0.24431670722293655
40,-0.9702287737929317,-0.2209657607734945,-0.09914766295810942
41,0.9528792595944933,0.0884234276888531,0.2901765222591316
42,0.8785163725518177,0.47639463733086646,0.03545606691087002
43,-0.8454345779163898,-0.5313718877715566,-0.05370559886481246
44,0.6744585059043225,-0.5742882254265166,0.4640029719191153
45,-0.6177192327095794,-0.6999794234334556,-0.35840166895601294
46,-0.9584582005769993,-0.08835082931689082,0.27120473577302817
47,0.9582931382433617,0.1259138727750663,0.2565540056956307
48,0.4916198127761666,0.12665115145351968,-0.8615506053166143
49,-0.6038918582568952,0.7964021589085526,0.03253036760982635
50,-0.07758106797139078,-0.19036892713761677,0.9786423501325145
51,-0.9287960514799343,0.2610748439927587,-0.2630167686468677
52,-0.6406934473592043,0.04487712692736447,0.7664841485573748
53,-0.1583629332136714,-0.9068979350854038,0.39045782963310244
54,-0.719859756614455,-0.6194779080635867,-0.3131278528463095
55,0.0904575890709588,0.1997173077675079,0.9756692172850223
56,-0.5769152864157725,-0.6263521345628259,-0.5242630597595055
57,-0.6867042872985913,-0.33811273427574623,0.6435192310462154
58,0.651037358648371,0.5493886001497386,-0.5237580774266524
59,-0.4206507192989015,0.38136993498898314,0.8231706658037661
60,0.0248097562758957,-0.12340098370747271,-0.9920467091894205
61,-0.7553922567115502,0.5278263665239079,0.38830640646582276
62,-0.9183710394799859,-0.05704004851991563,-0.3915878786547098
63,0.9579591904553061,0.16634672683082788,-0.23375832796904725
64,-0.4297842396748083,-0.6891094262542365,-0.5834498315834052
65,-0.29970718816096076,0.9433032472214591,-0.14266949620048897
66,-0.14839535573111523,-0.5033610601842519,-0.8512381931560765
67,0.8870151605172766,0.2869857828858883,-0.36172263605404054
68,0.27801768590776904,0.9550587360625843,-0.10280552997299328
69,-0.5172520018578375,-0.7473256589506428,-0.4170788007655713
70,-0.991000912057552,0.10233773581957557,-0.08627966231055104
71,0.70749597071846,-0.3711606903175219,0.601406013754572
72,-0.1574395277872481,-0.8093526600713733,0.5658277712568731
73,-0.9671909472764416,0.09572217535402142,0.23532729686968645
74,-0.4326530139246227,0.1381369115922359,0.890915014576418
75,0.3676517523131463,-0.8540836559796531,0.36793110443329274
76,0.1781537965036328,-0.8753415868473414,-0.44948674188113763
77,0.28046733077497354,-0.2115425233406216,0.9362626966758016
78,0.20280532486372702,-0.7259647051187638,0.6571493339635555
79,0.27031636790837876,-0.5542373955486557,0.7872420025737099
80,0.5640459325280571,0.20969087833458017,0.7986751038700448
81,-0.46392808135507163,-0.8492779203959383,-0.25198759742922316
82,0.8321024240292079,-0.051694206561346566,-0.5522076284629804
83,0.3853925121293723,0.04682212757473338,0.9215640509286303
84,-0.569398805584167,0.6616591242978332,0.48784444593819903
85,0.5364792029619738,0.8435128959339898,0.026001138097001608
86,0.05970840314495668,-0.8549424690109283,0.5152749569650918
87,-0.5058224969587474,0.7775391775836018,0.37359928920306346
88,-0.8546715279118989,-0.5021238657364676,-0.13194014868343099
89,0.06999624635625093,0.6205862231516662,0.7810078521566768
90,-0.9471129904098484,-0.15653693431445379,-0.2801306330845428
91,-0.9317589156295676,0.15957905798933486,-0.3261285749456016
92,-0.07035130470875346,0.43867705802869555,-0.8958867856403869
93,-0.9221992986550331,0.15908926024223743,0.35247561736344635
94,-0.9232434373713522,-0.3669556105572606,-0.11386454773667751
95,0.746182031963029,0.21108842094139785,0.6313905714531951
96,0.5349739523457543,-0.8169784491878743,-0.21528837375515317
97,0.33947771989142983,0.7939278823987916,0.5044139126224478
98,0.6451908121887705,0.1469031247696114,-0.749765488536328
99,-0.8298431078441337,-0.5440571739459517,0.12394437398096728
100,0.5937872266302763,0.6905987180913612,0.4129045168816799
101,-0.06436119118130225,-0.3180830098766085,-0.9458756979104397
102,0.5089253189207544,0.2519822090670542,0.8231038731989395
103,0.5235644772426256,-0.43385370997969686,0.7332470228418997
104,0.7099261443368207,-0.6746784899155451,0.2020242679292152
105,0.9246231399919482,0.3581307768233245,0.12967033463114147
106,0.849577508669014,-0.4070613096963379,-0.335438737941898
107,0.17220757243054052,0.5090142823746201,-0.8433558041160508
108,-0.5806564211692427,0.779574805067871,0.23473654137845257
109,-0.6241508440355519,0.3922229475297719,0.6757195300720307
110,0.6961567008416139,-0.7064628165033283,-0.12757796350273198
111,-0.6290427743825889,-0.024406956318855394,-0.7769874442230742
112,0.8752296391737375,-0.24841863101180414,0.41504368743305853
113,0.7211362601822294,-0.6146493518429557,-0.31963834020564913
114,0.9157393571433253,0.3378127322518881,0.2174947992648176
115,-0.45577581076839285,0.84107262204404,0.2913164169187474
116,0.28905450436425695,-0.5960399885214684,-0.7491220365134519
117,-0.4842308827485597,-0.842186787695901,0.23715367765018924
118,0.4545859593835903,0.284790680775462,0.8439466059382843
119,0.8255548380090457,-0.5096829220173502,-0.24224476969320513
120,-0.3228603438154206,-0.7282636046742565,0.6044777253946141
121,0.8785574435384893,0.3115691888377824,0.3620241137964162
122,-0.45271983297067653,0.6473360487005735,0.6131890351985525
123,0.4876692063918275,-0.4372631660220143,0.7556319664873699
124,0.25718459066590016,-0.5716781054787825,-0.7791278650133131
125,-0.4910735014245924,-0.4422347398922707,0.7505166560650114
126,-0.38325584998094037,0.38442945725991257,0.8398386427440905
127,-0.8953241165002569,0.42710006575600895,0.12641305408954906
128,-0.9777585888288688,-0.015546833706846352,-0.20915649149158824
129,0.7558557272786294,0.5190838321065026,-0.39904147000746987
130,-0.915040911097301,0.09374256719628776,-0.39231678795798547
131,-0.025634266911717243,-0.9254878300500454,0.37790893187268965
132,0.49485034937565464,0.34046722965406384,-0.7995030939617929
133,0.9941187465818698,-0.05760624802673225,0.09170298731652511
134,-0.27986274787582843,-0.3733653147738924,-0.8844632180453762
135,-0.2453307492309831,-0.1393250115149595,-0.9593755076340655
136,-0.3617005511250858,-0.28028716153735156,-0.8891635498563488
137,-0.1002626636036977,-0.9949561898340544,-0.003094931015872233
138,-0.6542593943628776,-0.3826047702460515,-0.6523482464703088
139,0.04127534768293518,-0.9856522653615972,0.16366416058870184
140,0.3430210445320473,0.7807198455521194,0.5223151211378223
141,0.5214788174200556,-0.2817499153493437,-0.8054047604669456
142,-0.9838702224349754,-0.14795371297327575,-0.10054394175271683
143,-0.15988556602505063,0.385455091042589,-0.9087689357401025
144,0.9470179219113399,-0.09810618924242177,-0.30583039615292884
145,-0.8149964708374768,-0.5755841574928383,-0.06695991461850119
146,0.9303040360597643,0.3381516168491705,-0.1420840755088502
147,0.41823884834451175,-0.4998717004998854,-0.7584224078802059
148,-0.835242691552373,0.2566560973606916,0.486309874355772
149,-0.32033093697981163,-0.3406513926706806,0.8839370562914317
150,-0.6940748253497312,-0.4461907918951456,-0.5649547893802858
151,-0.4094526976529803,0.276038131410196,-0.8695696857597236
152,-0.5320549771209597,0.08216352599213232,0.8427138638454663
153,0.01677598381814425,0.9792235237968197,-0.20208873499003527
154,0.5881025964115423,0.45985597884899504,-0.6653328601616152
155,-0.9118823670408276,0.04740252217834063,0.40770522387032165
156,-0.8244900023895692,-0.5643649103768542,0.04133381055471956
157,0.42683828947987673,-0.7984791175065055,0.42454702158880486
158,0.529258903772497,-0.2415083192900218,0.8133626156218663
159,-0.2928049618120963,0.22172631523175196,-0.9301089696761162
160,-0.5677670152749246,-0.5683535818477814,-0.5954954427756781
161,-0.42584126857087434,-0.8212595983843053,0.37972606711101364
162,-0.30405174963593257,0.27917250929169074,-0.9108321709289309
163,-0.9869809696688154,-0.13535833297335526,0.086871670907604
164,-0.22625736115795736,-0.9381311839632768,0.2621402071363684
165,0.18946223431199394,0.9784472355244647,0.08212836942275142
166,-0.46894575794980137,-0.6831224105435034,-0.5598514520067974
167,0.2744652360750421,-0.14459012323875894,-0.9506642574789861
168,0.21219219073276224,0.17699490470324436,-0.9610656990555435
169,0.04013416478464381,-0.6247744130885724,0.7797731603273281
170,-0.410092211694401,-0.5539110210996064,0.7245736391920328
171,0.3817461260688121,-0.6097213852966382,0.6946292014761566
172,0.2966889636353257,-0.03041236165970208,-0.9544897836620756
173,-0.034350612528759004,-0.06840827177664698,0.9970658673184192
174,-0.15396309113118553,0.03711651212464184,0.9873792235494079
175,-0.8036965811627585,-0.3384699186574482,-0.4893975067277251
176,0.5937471423617389,0.5151390827917093,-0.6181391884663077
177,0.866716587351939,-0.46369911925169094,-0.18380828059207455
178,0.524871366985908,-0.6042990159904067,-0.5994436982664599
179,0.14960547605142285,0.9420444441454181,0.3002839769121512
180,0.9823451137330677,0.055158681972074936,0.17876128587552179
181,0.7843094702846399,0.12417774385243999,0.6078145628014726
182,-0.0589003458592464,-0.3264868471741407,0.943364769259458
183,0.8577164497279787,0.27934775623490965,0.43161015158653676
184,0.6652078359344795,-0.5591333189293911,-0.4948418602688847
185,-0.4629736393342018,0.4484074023462809,-0.7645823767277827
186,0.6136423130465098,-0.3017752573528191,0.7296401891950368
187,-0.33609103903131343,0.664560934676317,-0.6673841304563602
188,0.08869885966095986,0.9289773947170132,-0.359351516484397
189,-0.01933261591553526,0.014656744347853341,0.9997056715888852
190,0.45548421262255673,-0.08495755850912863,-0.8861807633343084
191,0.7627257958233105,-0.6063562328298805,0.22490326652597464
192,0.5396293693445955,-0.015692820402474512,0.8417564250592744
193,0.90105907807824,-0.04064763397634878,0.4317873407881673
194,0.5534819188960126,-0.32681665945292426,0.7660604653414893
195,0.5216635925358375,0.6889915623493634,-0.5031478144978739
196,-0.7174496099492274,-0.4986779482484532,-0.48640144028817855
197,-0.24102444796523903,0.8136257635486647,-0.5290749780257087
198,-0.49846046110643755,0.8531807199069422,0.1536874357019121
199,-0.49753875248855345,-0.5009498364932405,-0.7081697897323278
200,-0.5660695507203771,-0.6429050476861127,-0.515982909995038
201,-0.13297720762550966,0.9880914702390748,-0.07741000382964454
202,-0.8841963811093478,-0.1937408140689466,-0.42504265267974556
203,-0.512749816149711,0.8585148992324605,-0.006308235435964474
204,-0.49964733485734175,-0.5851206406939803,0.6387381126908127
205,-0.9529464759545023,0.2945870040237461,0.07149483216434946
206,0.5649651164059604,-0.550246875525623,0.6148518465603638
207,0.7404715523763328,0.03588973872762174,0.671128755735773
208,0.4882279189681897,-0.8582614970309964,-0.15817933447231258
209,0.5583284400127667,-0.5467388812069619,-0.6239759200878428
210,0.7280430871296902,0.3761560646614132,0.5731141930724706
211,0.5818905746356731,-0.19159163133692783,-0.7903771289402427
212,0.7777809769337268,0.023376992329431866,0.6281005239208508
213,-0.07099546966538747,-0.9843340611593351,0.16138803960814896
214,0.0852695266632614,-0.7499691236658234,-0.6559538256390768
215,-0.9395337860494989,-0.007499877575514795,-0.3423740888382859
216,-0.4246661288071625,-0.827326410388607,0.36768150581371467
217,-0.9141801664371999,0.34627994180171723,0.21062959240964368
218,-0.7497386849403228,-0.593542202416625,0.29257402183785486
219,-0.13514010863709552,0.19435713150368814,-0.9715773033944402
220,0.47654432128558377,-0.16270149327933364,-0.8639639656462168
221,0.12100703836988687,0.542128063250429,-0.8315374072771998
222,0.9953179679966161,-0.08854888476320223,0.03874580738970595
223,-0.6292047482384914,-0.6232902494052068,0.46433893848193664
224,-0.8806900409811838,0.44214686490494004,-0.16997412029863157
225,0.9303979534018866,-0.36628746315518296,-0.013897576800340882
226,0.6102543814610825,-0.643193820459284,0.4624838367235572
227,-0.8110094567404419,-0.3724543498836105,-0.4511556475656161
228,0.7570728585164606,0.650270915333202,-0.06315396717099178
229,0.9583055889503737,0.02274676112532502,0.2848385209988018
230,0.4351156243136951,0.5830090911122019,0.6861303033379502
231,0.13034500678590732,-0.9634390910446613,-0.234083953001949
232,-0.8698359919500002,0.4897521817542003,-0.05939821188689268
233,-0.44579231958975307,-0.20459607052023912,-0.8714411372677243
234,-0.9478790687953141,-0.017887775253628578,0.31812780204849084
235,-0.9709999268954739,-0.13324748128355277,0.19850503948407366
236,-0.059971218072259,-0.998129466208006,0.011875255376218283
237,0.9481987964749442,-0.2807429065889578,-0.14866897041229177
238,-0.0144154885654731,-0.39881191465195626,-0.9169194350765282
239,-0.3054999633060835,0.22755957944784969,-0.9246006760875202
240,0.606967368516202,0.1656962652760817,0.7772614497259436
241,-0.9218421246370657,0.3254380437860887,0.21046894521830128
242,0.18256198752729114,-0.8490044133880124,-0.4958453657721953
243,-0.04979580595291466,-0.004390482250476621,0.9987497691489635
244,-0.7519827202263151,0.5750772497613329,-0.3221927145172173
245,-0.01758192597700618,-0.9966299511000141,-0.08012250900541351
246,-0.41370850153680194,0.6653961501174105,-0.6213640150226777
247,0.13418381447654165,0.9288024849666187,-0.34542820940444197
248,-0.971043851345681,0.23831814363284473,0.016682361317926896
249,0.01590303890717609,0.45706644160567095,-0.8892903695146184
250,-0.2611976916026196,0.9597331628784412,-0.10338289013568035
251,0.9153162269076752,-0.062450251308086756,-0.3978645132090246
252,-0.8759557963596168,-0.4143080737674179,0.2470835138877566
253,0.39141454691699606,0.26229548089432936,0.8820406641216578
254,-0.23989905054041602,0.6603151502094954,0.7116406030810907
255,-0.2973541039339685,-0.5469043519744535,-0.7826085654176229
256,0.6018036742406704,-0.7730592336281549,0.20052869862610367
257,0.36965724666103467,0.41078462701693647,0.8334323669006019
258,0.7953108562853892,-0.557935115568377,0.23704229304135285
259,-0.24424063874472637,-0.29989860629471404,0.922175328409981
260,0.930606240374744,0.344917230017456,0.12249134586847081
261,-0.4035040156935359,-0.890077704885784,0.21200516169293143
262,-0.5766433707852618,-0.4006008368985063,0.7120403025149822
263,-0.7829948692146502,0.4805827940453279,-0.39491671634804043
264,-0.17421013183998166,-0.9838652854629127,-0.040742238834867044
265,0.45482405695636247,-0.7039641343048736,0.5454993811418538
266,0.9954030460514199,-0.09443488849111596,0.015963325067952523
267,0.23723754527108926,-0.6932773383244257,0.6805034013725043
268,0.052503025217281736,-0.9785374812806443,-0.19926823648531206
269,-0.24861477095453557,-0.9132576917058534,-0.3227244710326756
270,-0.3459080375714298,-0.8307404082088842,0.43613989007246157
271,0.23292337239604868,0.27411073726482765,0.9330648457142645
272,0.07946162426406685,0.8450014522620432,0.5288273782098978
273,0.2825956745033162,0.8461088776580683,-0.45192859159409227
274,0.9050848667752077,0.42284673833555636,-0.044966874624394956
275,0.15619809292364695,-0.8995268714805948,0.4079872096663682
276,-0.8898284347475268,-0.45614511001607333,0.011704500125623025
277,-0.08879195455926191,0.9894302180189639,0.1146465545774992
278,0.7168490534089911,0.5529638732859061,-0.42468622472041856
279,0.9046051485948271,-0.08738492875372467,0.41719707496869773
280,0.6400621577572357,0.27599575854798014,0.7170402885965868
281,0.12527215008131073,-0.9785129629784308,0.16376589906686226
282,0.8335122506037815,0.42977177839762976,-0.3472082179130522
283,-0.9686016138713406,-0.23799565915896725,-0.07189561758078958
284,0.36079893693228776,-0.9307331216676518,0.05966559594371943
285,-0.764323453620728,-0.6359243533377688,0.10681701679612371
286,0.4516047111665163,0.8448977411795758,-0.2867071533845258
287,0.41073375378352134,-0.7401052686163683,-0.5324865959526034
288,-0.6033605462200117,0.795979817827408,0.048705039539410334
289,0.47458387069956093,0.8741235100189241,0.1033355645652472
290,0.01598861666455466,0.9996477098088763,0.021185382012667224
291,-0.5186809390618602,-0.20002769187909206,-0.8312394395933279
292,-0.9019193817701792,-0.0812237204289668,-0.4241982272793873
293,0.8252827119357868,0.20896282443999545,0.5246360484964532
294,0.8623523429071818,-0.2425164885037217,0.4444481853785869
295,-0.41861592315572277,0.29553219026356065,-0.858732457403646
296,0.19807262018220217,0.796380550843365,-0.5714413840216472
297,-0.05400767091062442,-0.3513878085155212,-0.934670947183804
298,0.8252489409258631,0.21963243314273076,0.5203131555251562
299,-0.03531718863980287,-0.9377616708688365,0.3454790078078094
300,0.8443378797030027,0.047854622392903355,-0.5336698230313105
301,0.9815625736048441,0.04048513131034319,-0.18680435819599991
302,0.7771736005037684,0.4624117016043596,0.4268215234724808
303,0.33204666605894456,-0.12611024935131424,0.9347947456889609
304,-0.9614442420172433,-0.05435298825436806,0.2695750770373795
305,0.7593988868889402,0.6251680886283536,-0.18021706787263392
306,-0.42299683816895445,-0.8943449724212387,-0.14567341968911504
307,0.320616339949613,-0.5952795447336633,-0.7367818036427045
308,0.10024612916903489,-0.3414379482378057,0.9345431189034472
309,0.25464238457881,-0.40139398211343585,-0.8797955030000644
310,0.556674747145198,-0.774751124621257,0.29978979433751113
311,-0.9695280205970096,-0.03321116846609017,-0.2427188405673559
312,0.6164727386522002,-0.7706628834227679,-0.1613693980070613
313,0.5880836167815873,0.5094679335463448,0.6281720181296717
314,-0.18231411614767287,0.4411955937048811,0.8786967686003462
315,0.8635082417287993,-0.295129878700292,0.40896438862667295
316,0.9315904739678789,0.25295395931884757,-0.26106222108382865
317,-0.3472549932034423,0.8342009361364919,-0.4283955740250799
318,0.7603458223175195,-0.014741095738242962,-0.6493511612222858
319,0.060807489124867276,0.3808919653900482,0.9226178840493151
320,-0.11346369961721023,0.9664978879899035,-0.23023427499013122
321,0.9110041861093006,0.054098665721232904,0.4088333490048398
322,-0.38022314993084205,0.8957850030197061,0.23021638651853968
323,-0.32876943617036036,0.8710005203000384,-0.36505992861074965
324,-0.597179023178727,0.26733926977181194,-0.7562452836964842
325,-0.1664875378153994,0.9743507903413586,-0.15140157566331935
326,0.558123725278361,0.8017822434053161,0.2136425553145791
327,0.8395215690439846,-0.487932571685028,0.23900908057804218
328,-0.9360683023238657,-0.3234816770100501,0.13833198481653247
329,0.3677965165247903,-0.9075110548088656,-0.20285316815847276
330,0.9920569049359729,-0.1173796675595267,-0.045222903627179775
331,0.34903541121491394,-0.9145249687322541,-0.20449538694871733
332,-0.1389393299353809,0.8982383076909323,0.41696978930569717
333,0.1529672098432644,-0.6492826681396956,-0.7450054023738115
334,0.5067442204463363,-0.6453434264860733,-0.5716136430627327
335,0.1261112357095693,-0.5512472327841766,-0.8247559909304043
336,-0.05927719699076181,0.5758997775255482,-0.8153684198955357
337,0.8406062725313401,-0.5415345928796849,0.01101722721925089
338,-0.628309844075901,-0.6348869229425627,-0.4496057549830089
339,-0.7630088342019532,0.5253669167792402,0.3765728637111965
340,0.7857137102166627,-0.047020662418065774,0.6168006346327252
341,-0.7558456885044713,0.14605768398292332,-0.6382510854818394
342,-0.5084120437863165,0.5678506006250045,-0.647350669346099
343,0.5571622637209965,-0.6961365298748188,-0.45272965847085844
344,0.4045384569895938,-0.13191284370489814,-0.9049572578205922
345,-0.9585344129183467,0.1458640666262793,-0.24481718346252715
346,-0.5452871343608998,0.66681676270457,-0.507954078708573
347,-0.8412386182927261,-0.4914098556385636,0.22546383495858266
348,-0.7930312867966891,0.4389464038135108,-0.42240671483864195
349,0.19124446991873356,-0.05240128491547203,-0.9801426723006759
350,-0.6671931009975614,0.5895827190231935,0.4552423348179253
351,-0.7893294511974732,-0.6065812176381814,-0.09496443482102569
352,0.07886390486543565,0.4528814505068787,0.8880759406132794
353,-0.22764121778963356,-0.8471661176947285,0.48009274624107184
354,-0.09123494372616296,-0.9578012984201602,0.27256716197652836
355,-0.4455272777275301,0.268196019495818,-0.8541524102449721
356,0.041179577794271,-0.9867931426416704,0.15666376737478724
357,-0.5161544048237756,-0.07698901783989573,-0.8530283239805476
358,-0.331536372981582,0.7816768890546884,-0.5282659126879208
359,0.9529585941894513,0.009126246969589845,-0.3029630825310482
360,0.8602566506238973,0.5012721826036062,-0.09319170566724565
361,-0.0032935637191016127,-0.9362074538491671,-0.3514324341822874
362,0.939973250217726,-0.2671742703420018,-0.21229271806245073
363,0.6029433996672722,0.7418261254788658,-0.2935187495794536
364,-0.1373983273690773,-0.4678318260071169,-0.8730722090474685
365,0.22231879949260078,-0.6578269162885116,-0.7196096855924858
366,0.029553116872499403,-0.6458941944888232,-0.7628547062244255
367,0.5715571580719986,-0.7502740085501475,0.33228199943835895
368,-0.42948941497282705,0.4641768945859835,0.7746474378443471
369,-0.7983845052997813,0.343071119700316,0.4948579478242165
370,-0.3332932415105998,0.9170424319966918,-0.2189721285482471
371,0.11978330549240522,0.42939090031856386,-0.8951398854083792
372,0.6414651551992898,-0.6924441053924631,0.33021752765772805
373,-0.6267038380356383,0.3299075419018434,0.7059768503199548
374,-0.05391276046271169,0.9873680854205873,0.14898885244263724
375,-0.13419181553535994,-0.7076284582844735,-0.6937251052609118
376,0.5200078135960049,0.739737739979663,-0.42705965607732504
377,0.1828260975633283,0.9119603847870286,-0.3672912667473309
378,-0.4867670764373672,-0.7123674136379718,0.5055595724376751
379,-0.9008775718919028,0.24960348696072243,-0.3551305390405024
380,-0.6790086022036804,-0.711758227303548,-0.1798542298616157
381,-0.712465276420111,0.3207281719794145,-0.624120717164843
382,0.9626019303614163,-0.15929481643720406,0.21914078835468434
383,0.3432723597343492,0.9199399920589456,0.1894056441951997
384,0.5673981278211666,-0.4848602692775511,-0.6655598273792791
385,0.853307329014228,-0.4976607588716017,0.15556468535610982
386,-0.8060113932420886,-0.3672814592522088,0.4641658794585351
387,0.7121947596133815,0.38834378944758785,-0.5847800659878253
388,-0.32180027882024864,0.4269437709100162,-0.845082006099021
389,0.06973892440789527,-0.7989577334018754,-0.5973299110707313
390,-0.6625969172315695,0.7489598297962098,-0.004949608757580026
391,0.5725443136155993,-0.30164029265286063,-0.7623687708679697
392,-0.0831566943560317,-0.6700952532930987,0.7376024103118397
393,0.16584606702272855,-0.5492220713199314,-0.8190544538845612
394,-0.8351254631405545,-0.5114438687009915,-0.2024614283818958
395,-0.8250479883926535,0.3142107139654407,-0.4696460838531117
396,0.053099928335214486,-0.9122369232237919,-0.4062070820628128
397,0.6222511979205599,-0.5037507461278723,-0.5991983248157826
398,0.311074525930983,0.2359988896858982,-0.9206178161342726
399,-0.94629676665745,0.0735327270397944,0.3148259320128295
400,0.14706143530313912,-0.6773711459137592,-0.7207921093700052
401,-0.8183332771568322,0.5514386997797742,-0.16200619705107341
402,-0.20809479010670442,-0.6477635937413814,-0.7328703056842304
403,0.3792674583920392,-0.5617312050588932,0.73526474705913
404,0.12014781586653984,-0.10324231420500263,0.9873730434339878
405,-0.031219239597627825,0.9991366741544881,-0.027409221777606078
406,0.7739732162769521,-0.632942855999953,0.018676228862730345
407,0.8672277184908735,0.4747189622857448,0.1501931793639768
408,0.009912039238955027,-0.9709748146238723,0.2389762767394756
409,-0.22244901239377823,-0.7166094395653257,0.6610501856976537
410,0.8800150112583742,-0.03334189070147226,-0.4737741004786719
411,0.29656478797134783,-0.3930675221622851,-0.8703719030142868
412,-0.9530608639559983,-0.04490864923557278,-0.29942979614474313
413,0.7028532866830014,-0.7078808926321484,-0.07001356472295546
414,-0.8468988155568195,-0.4345513954356623,0.30647590595897545
415,0.12866299589872526,0.5356287625721526,-0.8345943099445318
416,0.6949789218702075,-0.008915134050426961,0.7189748386007586
417,-0.9725023935189391,0.18129152404713092,-0.14619328954710312
418,0.04360507543837732,0.6660355897252208,-0.7446443383356854
419,-0.6928382955579296,0.7210895246734479,-0.0022346397033583864
420,0.8551026607124104,-0.31342380112596757,-0.4129951095719006
421,-0.14442355788758476,0.07325132191593998,-0.9868009321867601
422,-0.253295184419034,-0.9631586433027184,-0.09037133052796369
423,-0.6570808174248903,-0.17553707650640618,0.7330972201173744
424,0.6240589840574375,0.38257094086665056,0.6813148021447974
425,0.4685987187241003,0.05085714781386156,-0.8819460251774882
426,-0.0795728821574237,-0.9506620443532968,-0.29984968542783397
427,0.03584697536180728,-0.980098220558066,0.19524976931182975
428,-0.7583051258595376,0.6446129889822222,0.09719789365287908
429,-0.6762649594463156,0.24273679646804827,-0.6955174708556949
430,0.9082822416193144,-0.043885054241189145,0.41604984265498923
431,0.2708857377537298,0.8117535112161547,-0.5173752546361893
432,-0.34642218166294614,-0.4903907573745315,-0.7996928017267119
433,0.9976816452886982,0.04300955942155714,0.052740046003012166
434,0.11743306139492998,-0.5489358686742971,0.8275740982982789
435,-0.23898397975006264,-0.9123152824018906,0.33251689117814753
436,-0.6123993513102584,-0.258998553345333,0.7469181908882656
437,0.7119052831285687,-0.6995606109081673,-0.06169132450697029
438,-0.19998161849451013,0.17040966214875927,-0.9648667780116911
439,0.10162878204537455,0.2742766711064587,0.9562656003154841
440,0.05730832361877396,0.19734258281563943,-0.9786580920074479
441,-0.9063898437441937,-0.17853221628470045,0.38286250652923565
442,-0.6824671128708669,-0.5165471143615484,0.5171244709878471
443,-0.7909091282329719,0.5842146580412951,0.1820878475007412
444,0.37866859185245516,0.045575478286261066,-0.9244095268458982
445,0.3253734890390265,-0.9340569717889324,-0.14720620259710537
446,-0.29468115082623353,0.11719021854783737,0.9483825557360472
447,-0.03792848303176449,-0.31278737333601764,-0.9490655874366449
448,0.07643332166080244,-0.7194226637438357,-0.6903542411194562
449,-0.9200563593406957,0.27343973425072526,0.28058333409102787
450,0.5381598177093894,0.8408072742283066,-0.05854176464509762
451,0.7274017214963251,0.029446272175355316,0.6855797930359074
452,0.7361088492618869,-0.38411918963324815,-0.5573115916557249
453,-0.9641999078658163,0.1204803926839967,0.2362266129170488
454,-0.5874704236045984,-0.7853249239812595,0.19530300858835392
455,-0.6443973828167361,-0.13855094760408596,0.752034339599563
456,-0.057240795054722765,-0.7533659469863845,-0.6551055192126009
457,-0.042342433025003824,0.706038011404999,0.7069069562656726
458,0.6692114775539674,-0.041940446394750246,-0.7418874559299712
459,0.004115947156808378,0.9542951423248204,-0.2988374814414234
460,0.5639235209909768,0.8052634298755939,-0.18314221517207308
461,-0.6026814604191607,-0.7956859706298943,0.06048878747165098
462,-0.7040065588251923,-0.6499193320278441,-0.28632084623301846
463,-0.43015018512106806,0.8585451003413277,0.27905398925693686
464,-0.4043899748969711,-0.6685864614389236,-0.6240680185551939
465,-0.3106675405352117,-0.6604060693509751,-0.6836296532642492
466,0.5569557351484582,-0.8264662886749893,0.08218140160054349
467,-0.6709820585230605,-0.7396823315906773,0.05150849903399929
468,0.37132055229577454,-0.821168028997303,-0.43336372205740226
469,0.4215628585338806,-0.757403052059213,0.49862347822393255
470,-0.46676212608350703,0.71293831493,0.5233087776435402
471,-0.31041711429951624,0.8550855288583327,-0.4152950198196777
472,-0.9629778616127275,-0.25997756629540264,0.07131131093240617
473,-0.7459862297161738,-0.5327464328871641,0.3996070361240533
474,0.042661555290801116,0.9440412514578553,-0.32705673398671403
475,0.30308434918707683,0.11334557391826472,-0.9461990584179342
476,-0.3392057340476157,0.3962791067093979,-0.8531719284967244
477,-0.27460495799163187,-0.7720312472224825,-0.5732014221532532
478,-0.9814554225108069,0.06343673669377546,0.18088956316431926
479,0.03870395791696377,0.9685971902767037,-0.2456043294195709
480,-0.38875424601571634,-0.7941645969727912,-0.46708963713595275
481,0.14673761089992493,-0.8899151972561969,-0.4318784727673357
482,0.5721883393209796,-0.63210109477315,0.5225406303166146
483,-0.6032180557001526,-0.4764523127257273,-0.6396258054328587
484,0.04514123298624391,-0.882103684689034,0.46888736231904454
485,-0.06435983665050357,0.608623559693178,0.7908445953616456
486,-0.34246486706759893,0.09876270587882918,-0.9343252874410837
487,0.28638831655041436,-0.21593725490220747,0.9334628188035765
488,-0.425239280363702,0.34428026620017527,-0.8370439968967565
489,0.9286978956477813,0.14711999718740087,0.3404055302825761
490,0.63209385245927,-0.7399655158309273,0.23001825376319246
491,-0.36827210598190985,0.8722706997893221,-0.3217444362295877
492,-0.3791268932563544,0.6417874521682081,0.6666120798854644
493,-0.7599732382122106,-0.5442343842021071,-0.3553162144532667
494,-0.4200690518335533,0.3858317589574679,0.8213865384040853
495,0.1261629089173567,0.765867477909142,0.6304997436118438
496,0.9991388380389371,-0.0015787650687380064,0.04146190809719799
497,0.5935453412208286,-0.8010408848852413,0.07770089225562159
498,-0.5361114592634714,0.8151385980554585,-0.21939363984986623
499,-0.038678368533372115,0.5542730650708354,0.831435717987012
500,0.7897969548452836,0.023842232098617952,-0.6129048197605179
501,-0.04501708516748279,0.9963427247996344,-0.07262669469185433
502,-0.06871322596260997,0.9758357042171797,-0.2074202761370554
503,0.6293597123223053,-0.7343696432665597,0.25418021078386666
504,0.8103525087418636,0.04196653546124744,0.5844378679356323
505,-0.7848722742648967,0.6039988876794158,0.1384227465855127
506,0.9964800810496214,0.07738797198748554,0.032226539730543395
507,-0.8984941543778651,0.15551773236420582,-0.4105149077306458
508,0.9671227357287918,0.14815680739204223,0.2066958501273182
509,0.8871821708868922,0.09163056716660954,-0.4522296262090163
510,0.5074667327891045,-0.8254183099678195,0.24730978282757068
511,0.9924285414123156,-0.10585433000099258,0.06229326617110946
512,0.8218570397592252,-0.39508406954927006,-0.41043828304215335
513,0.3087984641733381,0.9278904308442354,-0.20895659087927024
514,-0.011701484603510939,-0.8259206006502644,-0.5636650039514429
515,-0.3176911292483382,-0.3597699639293808,0.8772900999391067
516,-0.45401968519745345,-0.8711368506090398,-0.187047354870816
517,-0.3496410681499883,0.5586726842893133,-0.7520877311138033
518,0.13990143531544136,-0.43171496512273577,-0.8910947072481995
519,-0.7976010330384269,-0.4718550107481956,0.3757465115311844
520,0.36394427098190973,0.4546573061729354,-0.8129153102033544
521,0.42236942164033253,-0.5973574377147862,0.6817390727177344
522,-0.21185677187220905,-0.3321210211805019,-0.9191367338442673
523,0.3940131201899534,-0.6867223823732721,-0.6108731706874634
524,0.4977299786493872,-0.6293946015459116,0.59676402698097
525,-0.6571738861396624,-0.6984623137905789,0.2833246893414074
526,0.4132723126010055,0.8119427384915404,0.4122559703003401
527,0.3892365793854301,-0.8976716288057895,-0.2065926719549621
528,-0.39780921220541343,0.6579021732730198,0.639462712820025
529,0.7269013239572346,0.588288273676483,0.3543040675520996
530,0.6066327191660477,0.54598735531759,-0.5778360942953554
531,-0.16332837306650433,-0.8277038577753371,0.5368707166304318
532,0.2866860864785562,0.15835856670750356,-0.9448458351339413
533,0.774079214477078,-0.21902074046260747,0.5939960310993343
534,0.6639190961871834,-0.6497823414370149,-0.3701274678737369
535,0.3096632887126175,-0.38775858283662606,-0.8681888786780314
536,-0.6018506022763143,0.5046715011576993,0.6189366110183432
537,-0.020988385403664985,-0.7867300504164618,0.6169402851572092
538,-0.02982602494875781,0.2391783694694674,0.9705174474545437
539,0.06212653278995555,0.45369771489128946,-0.888987445032786
540,0.8671958953174601,0.49733852628140607,0.025013384832686867
541,-0.8794215838128819,0.28224663811509093,-0.38334646626357605
542,0.7301097975325251,-0.5869979636958212,0.34981863038433864
543,0.9037018023127171,-0.31640293637144506,-0.28846530875007126
544,-0.9477503907028159,-0.27848143406188625,0.15561904705239435
545,-0.26217264325097933,-0.27316641167907146,0.9255515202630131
546,-0.9268973489322099,-0.2459485074522381,0.2834971538207353
547,0.3112513356343724,-0.7021093376225457,0.6404413197858563
548,0.5018747666972678,0.849806141572066,0.16109388659710494
549,0.9319122751196106,-0.0012978733448020887,0.36268144011814557
550,0.011847314321448964,-0.9219430885377318,-0.38714413677708853
551,0.5068334041780407,0.8620109550639732,-0.007550745592028725
552,0.24056233698834056,0.2007336312098799,-0.9496503416121136
553,0.8528352231531319,-0.3353195950163161,0.40029095836334033
554,0.4643991259407254,-0.48984454267295957,-0.7378250306400627
555,0.3834400841563226,0.11685132934317347,-0.9161438035008072
556,-0.7951556505062943,0.4343472272407427,0.42316660744462165
557,-0.559907397983701,-0.4160091354947966,-0.7165473500530117
558,-0.838167810953455,0.05995362450600676,-0.5421072620709724
559,0.4372136780903168,-0.8989366738736898,-0.027514651654058364
560,0.9872463935456529,0.1550709278438966,-0.036021740223576314
561,-0.7284685168571664,0.42548579048022217,-0.5369315245423205
562,-0.624938087919616,0.7700424794624494,-0.12840158134032972
563,0.7649703090669739,0.08329100717561035,0.6386572119452272
564,0.891582384284126,-0.012919546194715375,0.4526742066435372
565,0.20124460180106185,0.4100077128009604,-0.889603442939413
566,0.08669095375978648,-0.7298115376358896,0.6781296322015113
567,0.5389109681129167,-0.34132407457939057,0.7701122285486197
568,-0.8673288010248313,-0.2655843971287186,-0.42095804887732385
569,0.058143922725765865,-0.9545152802392123,-0.2924377951632078
570,0.29888866288123533,0.1331669451002297,0.9449508621794784
571,0.49608202988395655,0.526649109763389,0.6903211823576351
572,0.9842346456108573,-0.17493442205467244,0.02607892558499907
573,0.9469964187521993,0.14084884614410126,0.2887202545897751
574,0.08839324437591208,-0.09104760264087923,0.9919158071137131
575,0.2009147502731674,-0.5396424148240688,-0.8175691574695797
576,-0.0964987816631625,-0.3317855629176885,0.938406268828655
577,-0.29443229553813327,0.5774263147789235,0.7615040868865885
578,-0.010252450801175053,0.15252442055328957,-0.9882465220720247
579,0.836880583047227,-0.17883591352516423,-0.5173476642956392
580,0.7171114356261782,0.2220902852016273,-0.6606262892991935
581,0.6567159425021819,-0.6601293635023721,0.36462774758021893
582,-0.3997634478743521,-0.7473665880149246,0.5306904642656962
583,-0.48756613770664836,0.8095809423508536,0.32689135679018094
584,0.3706309216948236,0.048828954988186644,-0.9274957967766793
585,0.9933940518048441,0.09494427018226886,-0.06445031728634841
586,-0.5683635510250756,0.7387129358250758,-0.36230659987207453
587,0.9444238423201259,-0.27734627063229633,-0.17647280873734394
588,0.2691932631943039,0.563033821203843,0.7813628499176302
589,0.15801798013406837,0.6952890607520261,0.7011443788214482
590,-0.48438903083396145,0.41778211384686664,0.768651658527697
591,-0.010806528450192417,0.7540425977667798,0.6567366136404924
592,-0.08863470484982598,0.9835647293043204,-0.15730324969530465
593,0.440651050645024,-0.27887650143527,0.8532611256307534
594,0.5643343473129018,-0.678390872894293,-0.4704386974055602
595,0.08944018679246321,0.27605206912360397,-0.9569721563969906
596,0.5931061385050257,-0.570503243043739,0.5681119239588568
597,0.7414797124192041,0.37563712528385995,-0.5559717494434515
598,-0.4178850214868466,-0.1050731868436948,0.902403310179793
599,0.23934112866807472,0.8677250046890425,0.43562499970191493
600,-0.74528148168298,0.45488762004860755,0.4874759134428444
601,-0.7153941647694264,0.6730135434031317,0.18778700543385735
602,-0.8169389288534461,-0.526208202593657,-0.23604176335330304
603,0.04306139614809235,0.734161206724826,-0.6776083224858771
604,-0.9937822108915613,0.08894368365629549,-0.06697714873842599
605,0.8708371598969551,0.4862398498908694,0.07220421954920415
606,-0.9579506245521886,-0.2554750829710727,0.13062573598259758
607,0.03836739844792481,0.7236221544122248,0.6891291028393363
608,-0.17823757402119147,-0.9839834001386097,-0.0028346884662693145
609,0.34872470515970544,0.8781445397525954,0.3274954157144475
610,0.29545932828109406,0.780191865089931,0.551365975536376
611,-0.9643344502998625,-0.14873739465896635,-0.2189434981791528
612,-0.23577287861523677,-0.3913722013756751,0.8895161323437832
613,0.30885143300435003,0.4672020785346511,-0.8284521773428212
614,-0.24855609985215235,0.9619793828865543,-0.11320570713303788
615,-0.24332198057303797,-0.11356254400972944,-0.9632746038218034
616,-0.6746619449975467,0.3430637818891945,0.6535583382744119
617,0.16648996123031518,-0.423004764921415,0.8907008822625622
618,-0.15473342111849248,0.7716842474756379,0.6168962559352471
619,0.8743942463086906,0.3587175579186661,0.326736003010267
620,-0.3528501444919015,-0.13100138928900706,0.9264639288911329
621,0.9081940072954323,0.3048888780358902,0.2867514902536348
622,0.5770925628550203,0.598035146793146,0.5561637682351528
623,-0.9986231220345368,0.010519325341622822,-0.051392644730074585
624,0.3420005317109333,0.7090992977976792,-0.6166148085898336
625,0.07185722444642774,0.8383735391983878,0.5403391046989151
626,-0.260912556388253,-0.5524638584923479,-0.7916491160727042
627,0.5866773570568493,-0.5966137513511522,-0.5475963024121837
628,0.8449879836237898,0.4548546716313053,0.2812517292863804
629,0.4961997344507057,0.7829571583440403,-0.37518516992129985
630,-0.9612714549275266,0.21805791595996474,0.1685465372789163
631,0.7239230652237819,-0.021958136967675818,0.6895311710560392
632,-0.2674097903846799,0.9513916456486717,-0.15279378454745407
633,0.574919984996485,0.5871930477279651,-0.5697993818455626
634,0.963901991692669,0.24548650945546618,0.10309861340618098
635,-0.2714836669522345,0.9487494836079373,-0.16177464551604043
636,-0.2025014585570559,-0.0258637596008826,0.9789403583577361
637,0.007923307777532146,-0.29067071790107796,0.956790340120935
638,0.3971643696260939,-0.3858348272757187,0.832701596948525
639,-0.47540697510475094,-0.2897005260506265,-0.8306995926493168
640,0.09706507562587714,0.9431326975286983,0.31792937257507936
641,0.5058679808744008,0.13692727283375192,-0.8516739445822963
642,0.029141225636548924,-0.060418870848427744,-0.9977476379394745
643,0.6970739364207437,-0.7169985573711765,-0.0009979431550965001
644,-0.0194844649632539,0.9748263641803528,0.22211239344982514
645,0.794137634098725,-0.29466569182437075,-0.5315237983098637
646,-0.03435141693709965,0.4210431081765563,-0.906389916763993
647,-0.5308880237252827,0.11081259300177301,-0.8401657428729686
648,0.09671671372010472,-0.8799685401996025,0.4650819772321477
649,0.3253530953972563,-0.532116504626546,0.7816632195641873
650,0.06011249897543565,-0.2293144201157595,0.9714944077007861
651,0.7572598112263509,0.3570818965185015,0.5468547316062847
652,-0.013836696943794646,-0.3111170383594663,-0.950270874151218
653,-0.08174752689461066,0.093468512329356,-0.9922605399034832
654,-0.9034277781151355,-0.042713083263947925,0.42660736309636815
655,0.5082085521623875,-0.8443356261193365,0.1697687190700275
656,-0.6234350039057774,0.5692599644968315,0.5359775076680638
657,0.7207207840858904,-0.2841204323345002,-0.6323267599245473
658,-0.6720852453706239,0.7227977573608351,-0.16082544857470735
659,0.8007949479897504,-0.41116648734384953,-0.43551070131446024
660,0.6504167185856747,0.7463319907285944,0.14123261591904548
661,-0.12233197748828013,-0.5574717968261719,0.8211334136589536
662,0.8084328495678745,-0.24435530950015974,0.5354687763620279
663,-0.9417064920335395,-0.3040050343564683,0.14411738947055497
664,-0.5596279063594503,0.1642093548246791,0.8123126825378273
665,-0.9244703940931425,-0.17054700786294102,-0.3409812436986348
666,0.8709359604676387,0.4906281735307643,0.027469038974415386
667,-0.44499760409916206,-0.7694451701372189,-0.4581825645946293
668,-0.45920621321139365,-0.8758550086505148,0.14834978115878233
669,0.3075559568738621,0.9440022624230887,0.11945317882540027
670,0.12425547460306888,0.4647111278961524,0.8767007155470172
671,-0.7846761186593407,-0.34784493506325487,-0.5131152794027403
672,-0.8662507046336931,-0.0067903682377441175,-0.4995634170161242
673,-0.4550833723431679,-0.24506303028625687,-0.8560626352105825
674,-0.5189915465441752,0.07219579739988706,-0.8517250386442092
675,-0.08804175237177515,0.9643389629861341,-0.24959770492962186
676,-0.3546705178922572,0.5178760684439757,-0.7784684974172357
677,0.18371392257412927,-0.9825474876407162,0.029148399327295387
678,0.6447844288550619,-0.3481064856774123,0.6804960800293951
679,-0.1426190215152447,0.5928979956831577,-0.7925476524581525
680,0.3571458557056115,-0.6396636436876418,-0.6806447389766237
681,-0.952713323456092,-0.024230167929068226,-0.3029029915193587
682,-0.5021516028634969,-0.7361972052134367,0.4537151559927724
683,-0.026760742754949263,-0.18282850845398266,-0.9827805447523346
684,0.29614188019725773,0.9329721040105449,-0.20460459411110515
685,-0.44775612237461965,0.32778295255493856,-0.8319091241778825
686,-0.4884158604336994,-0.5731862859199196,0.657957011445381
687,-0.11481848582906286,0.5279782581108299,0.8414604413008226
688,-0.539810573310275,-0.06381279758874572,0.8393643260267438
689,0.3233669654613157,0.8360480187991179,-0.44323528279053975
690,0.28051961795142777,-0.9500601943829988,0.13672736007589464
691,0.07903091127729997,0.4731541511704521,0.8774276404882904
692,0.616511730555441,0.7632025036420542,0.1934818454585225
693,-0.7535199767929328,0.580026783634817,0.30947790686933896
694,0.155357346822344,0.6932975870889824,0.7037062956410983
695,0.3725905285175563,0.7081747979663442,-0.599720562916043
696,0.7375078970132299,0.42305356258433036,0.5264102820308785
697,0.5575441456423373,-0.6554868142305327,-0.5093933274296626
698,0.9596676075397589,0.24613186587687072,0.13585723256008664
699,0.34708390045403475,0.7721682069250152,0.5322490265466162
700,-0.9689726020798302,0.17592864098683136,-0.1736122394854975
701,-0.5193997373241828,-0.30525734415221245,-0.7981490253760306
702,-0.45707347582187136,0.3436197900780199,-0.8203714265909379
703,0.7223051700839886,0.40067756904991936,-0.5636778574063268
704,0.795485428304741,-0.6045434666628732,-0.04159483465598121
705,0.6193268771173188,0.7452871183484725,-0.24694398252222993
706,0.9876780485767225,0.09418042531595276,-0.12498847885698741
707,-0.27267759054776863,-0.8624154861762675,0.42648148941825786
708,-0.5562965016273979,0.0601984279688896,-0.8288005499196974
709,0.19049827975034844,-0.6003030426888164,-0.7767539265112904
710,-0.7220554816992553,-0.48821015722366473,0.4901904973902501
711,-0.272201180393618,-0.9563915046822618,-0.1059330315053826
712,0.5091108160844865,-0.7072488523026268,-0.490515277909267
713,0.5834609046233261,0.2314963063550059,-0.7784489918550342
714,-0.05194455700371026,-0.9869832252026745,0.15220340392453513
715,-0.9359337841024029,0.21447870682724038,-0.2793328410578879
716,-0.4449778990449081,0.05429172968219407,0.8938943323736286
717,-0.381809867276127,-0.9226992507759542,0.05336026488014432
718,-0.5455765466785228,-0.511587518823021,0.66379548228264
719,-0.31530286246480027,0.12111722105635572,0.9412304307049837
720,-0.32726392881690997,-0.10605498743269996,0.9389625447992962
721,0.7961326326979284,0.5561843161160176,-0.23839429032597023
722,0.8583204132682899,-0.10267884345298399,0.5027356395503602
723,0.10199509675105069,0.8775170678075813,0.4685731489801017
724,0.8877826895652311,-0.4599725854970541,0.01634370519435278
725,0.27785113843052156,0.6783244177036883,0.680201976783231
726,0.23154282148040298,-0.07464631486731957,-0.9699566224824816
727,-0.14137661471012675,0.3522853108738218,-0.9251528049763666
728,0.26567405405711164,-0.7831377133482844,0.5622389340240316
729,0.8076868493326319,0.361366300023677,-0.46589306779809914
730,-0.6556895599566079,0.7549299699239254,-0.012326454257855803
731,0.6756545848678209,0.3363848511787736,0.6560000867717374
732,0.16613480810006945,-0.8436625779779183,0.5105219682415302
733,0.23770230473804513,-0.1252505090663502,0.9632289054533412
734,0.7531138137946153,-0.5532544902491406,-0.3559902421287599
735,0.189140445373215,0.9164573664448715,-0.3526071289877056
736,0.2179177898637901,-0.23154745301626034,0.9481021115167731
737,-0.19279642236570663,-0.6209782890303778,-0.7597470000440203
738,-0.19526373380342193,-0.8665709241053827,0.4592677952527145
739,-0.535433441632917,0.30799743420071707,-0.7864150368011186
740,0.12646482362847283,0.8091289037920423,0.5738615385551704
741,-0.4530953865660583,-0.45965838829549144,0.7638185234348178
742,0.028923537593087394,0.9910032558504989,0.1306750774509507
743,0.7555960797951587,-0.5972023978918717,-0.269116815064363
744,-0.533676463924836,0.06708801136467403,0.8430235053566517
745,-0.0349776644744638,0.34613654151736245,0.937531896851681
746,-0.16895295606640517,0.7165659275914881,0.6767482323961945
747,-0.88227686648476,-0.46850450462182686,0.04572810967981771
748,0.5161459665699907,-0.8527065142268211,-0.08052913627175061
749,0.3399419004253206,-0.7235276462532285,0.6007888559573027
750,0.5878216085271454,0.24022859334128624,-0.7724998249124891
751,-0.005785396994807862,0.9640001963860858,0.26583857987357756
752,-0.05688334691507389,0.9228356191472005,-0.3809707401847846
753,0.5021849556725301,-0.5569986422009956,0.6614852854617601
754,0.30668020970940707,0.9039929456005479,-0.2978993173490653
755,-0.7458044462016459,-0.4004668086213556,0.532355203993051
756,-0.2414264036102828,-0.09036129146106639,0.9662029438194095
757,-0.8199948032932373,0.5596263583135948,-0.12011187140640671
758,-0.7423407753226458,-0.31345190861386446,0.5921807783774299
759,0.34960183237250236,0.4398353340028232,-0.8272384406955553
760,-0.760101066715602,-0.12381964917146907,0.6378989440788082
761,-0.20328105167317057,-0.5040529802053345,0.8394089630071688
762,-0.5086213302167899,-0.6660355573824192,-0.5456198115453592
763,-0.7198855601402447,0.3908457941797619,0.5735890039684837
764,0.9459697065005653,0.11292610671240975,-0.30395560334695515
765,0.32918294151749317,0.534782042265906,0.7782331002237037
766,-0.30185781914515103,0.5052133682256315,0.8084808653190536
767,-0.16427567166075357,-0.45170841452758403,0.8769110627340635
768,0.31793948858895066,0.7278964430033933,-0.607520575667034
769,0.6095161561325566,0.4650540897197497,-0.6420395229643794
770,0.4312855232088208,-0.11585291676211862,0.8947462764092418
771,-0.7394180129668949,0.6111336165626677,0.2824477027825208
772,0.06047170067204544,-0.1981287134833095,0.9783088399433377
773,-0.871356477440105,0.369453454330598,0.3228653501172905
774,-0.8657254789457909,-0.10383467048228114,-0.4896302240568051
775,0.1875332860720766,-0.037477261927657976,-0.9815430308720114
776,0.6836641887320508,0.7297812206155753,-0.004758895059588991
777,0.25641142356957164,-0.6269574937799043,0.7356476621700412
778,-0.18675665085940737,-0.3375627064418134,0.9225905768971714
779,0.4375235800413448,0.6154210371900537,0.6556142645578447
780,-0.32119376634319263,0.6033627146022792,0.7299232830168134
781,-0.9145034142129462,-0.40325896883822904,0.03264520553454496
782,-0.145581517044244,-0.9829564822357935,-0.11226119510200609
783,-0.24385753500311338,-0.11967470640377365,0.9623988088466111
784,0.8715779131195964,0.4899045748369649,0.01858625610234119
785,-0.29960808328041155,0.9240985928131046,-0.23722729015414298
786,0.08441831317723769,0.46896954648489425,-0.8791706960938032
787,0.5882310171519127,-0.19742330309604492,-0.7842246552200928
788,-0.6649717981763553,0.32189898123185884,0.6739388351415847
789,0.7878830086486275,0.05226796248217967,0.6136028233154964
790,-0.07235544417392208,-0.9791361910972701,-0.1898868320393079
791,-0.8951798403103439,0.33759067887195593,-0.29100788140653355
792,-0.3358120450688622,-0.8301567561043406,-0.4450505933947139
793,-0.29782862834854423,-0.9296480017374432,0.21691634563029974
794,0.18134964528228018,0.4057813309355875,-0.895797866496753
795,0.6570739287347086,0.5932548510968831,0.46508336223428826
796,0.5973082615831828,0.3381315771172621,-0.7272481537966726
797,-0.635734067734121,-0.5541070835831483,0.5374081642896822
798,0.7862861078152791,0.6133323060496854,0.07468359265912661
799,-0.7645651374832722,-0.46323482087983375,-0.44816699038373353
800,-0.47319484887814867,-0.8429737273659752,-0.25589437267337584
801,-0.47519497344581413,0.7405794668001212,-0.4751123978237995
802,0.3488522514685002,-0.010964295936669567,0.937113595494149
803,-0.509196909818496,-0.860262082552689,-0.02583904706844269
804,0.3716476702772105,-0.045019058514599725,0.927281668937751
805,-0.20101402822647785,0.6970762133868491,0.6882427719826898
806,-0.7199531285661581,0.022983844250629836,-0.6936420082227315
807,0.9215299654966709,0.3524182866912845,0.16304561906805196
808,-0.32342917715981545,0.8723215886774652,0.36667235141055804
809,-0.32819640817423323,0.9162001821534972,-0.2299224736371599
810,0.5183075303155074,-0.8542550213053711,0.040070719893699404
811,0.017678825116927165,-0.8934511911076588,0.44881224164542444
812,-0.7380315193319227,-0.43227702727611855,0.5181177937129121
813,-0.606804411680611,0.09110673054099433,0.7896125439828563
814,0.7460545086916023,-0.5181992383561622,-0.41817725838216663
815,0.8578152675879176,-0.24902501025981724,-0.44959927820022944
816,-0.5124886673843903,0.3931782426908015,-0.7633912727279144
817,-0.7204565792891602,-0.38661980872198753,-0.5757320912218945
818,0.7508949697999134,-0.09242917041735602,0.6539217023353381
819,0.5360432225498514,0.5668621653237861,0.6255597086472237
820,0.5041715173454727,-0.13449865865295388,-0.8530657606058983
821,0.2588002676153986,0.07765348708142439,0.9628044232481969
822,0.06769774804307425,0.9918032133130402,0.1083669736212304
823,-0.823827765694305,0.07953662941777136,-0.5612323378530403
824,-0.672108707739957,-0.6343547079639429,-0.3819214441008854
825,0.8719984799372701,0.4404692970664583,-0.21355432406970964
826,0.5024235672963768,0.861092973695783,0.07803492600711871
827,0.9573293133518741,0.005071815289693204,0.2889547758506452
828,-0.8974168269051487,0.2810722125263847,-0.3400609506147642
829,-0.3973630521626156,-0.7594135926162175,-0.515163663436912
830,0.8596989824079314,0.43967994506591757,0.2599984722139707
831,0.20134313539807125,0.969270551817354,0.14133484781806596
832,0.23024414463014395,0.953929844722511,-0.19236809821594533
833,0.7277934573151056,-0.01640605490592115,-0.6856001202244274
834,-0.329611688970306,0.6171003903126374,-0.7145230876396736
835,-0.025629201774204625,0.985374971373316,-0.1684615974263987
836,0.8102848231606551,0.31266586436541893,-0.4956597246258077
837,0.3901539533862318,0.06985631181801372,-0.9180958492207001
838,-0.25314422457257263,-0.9374175139298807,0.2390949730610683
839,0.7094720059565492,-0.7046147926386597,0.012940894821031867
840,-0.02991262082963088,0.5459856508678353,0.8372603562581529
841,-0.4883346360082824,-0.8212561072180302,0.2950723464368452
842,0.2276582422132306,-0.8440302685001608,0.4855765960257234
843,-0.8770203134731037,0.47819040384429795,-0.04657582448831321
844,0.4201681978749593,0.23569036969964455,-0.8763040198044021
845,0.12010165800319046,-0.5898792595173147,-0.7985098940753266
846,0.27633076034529114,0.701853025123934,0.656539139740637
847,0.9522147677203756,0.15318572582989334,-0.2642369571751837
848,0.14199477286906287,-0.4633964577930761,0.8747006387231537
849,0.3026655132076425,-0.9160041172894485,0.2633059897220959
850,-0.04598038817804729,-0.3326875875354702,0.9419154808170556
851,0.6069108953707465,0.7484012144687208,-0.2674972658963503
852,0.05408092363243808,-0.13393811907974093,0.9895129276348256
853,-0.342738750355434,-0.8050574602709444,0.48416178563254286
854,0.22262298880610457,0.0891964920913386,0.9708156316487888
855,0.07487076021388654,-0.2852941730597406,-0.9555111742324909
856,0.8695607133083224,-0.49109933381116055,-0.051822873337513876
857,-0.38593510879315207,-0.41399084737764447,0.8244183829151057
858,-0.7140111263328535,0.2578047694767674,-0.6509414814773451
859,0.588741759580219,-0.3004842275876318,-0.7503948090821604
860,-0.7833106242428443,0.36033333640836884,-0.5065415606059378
861,-0.1528913666774313,0.021934038217171357,0.9879995586856276
862,0.31536259429443236,0.8967247748449367,-0.3105335928674751
863,0.0505031817447341,-0.9612161395669746,0.2711327381000326
864,0.4432889131165008,-0.3221955604795896,0.8364717331238603
865,-0.7895337948347381,0.17310852895278198,0.5887867389960999
866,-0.13310802299909352,0.2210677473145294,0.9661321365685711
867,-0.24257675853542363,0.8906352671647229,-0.3846106305094407
868,0.004811220507724505,-0.43506968184738926,0.9003839314950248
869,0.6964857123191397,0.7076069547446758,0.11916396322826438
870,-0.41884401121773945,0.5885628292779332,0.6914936661021476
871,-0.7550075683220688,-0.22424289049826504,0.6161807347178097
872,-0.8264859352930605,-0.14660632020557793,0.5435325065150517
873,-0.9156584504397142,0.3932467993273541,0.08322593920847832
874,-0.2894321868178492,-0.3069512763031896,0.9066476290211543
875,-0.4049828225900081,0.7408405835964703,-0.5358583237232313
876,-0.8672753182620101,0.46394797552324685,-0.1805153687125001
877,-0.44355321005703613,-0.3669493146980712,-0.8176849945368416
878,-0.8499654124822683,0.09774230535121295,0.5176922245200113
879,-0.9266976820781491,-0.14666087337433073,0.34600866210553766
880,0.804562688354445,0.5756719361874939,0.14587906770339037
881,0.6803411189513163,0.70972750436516,-0.18281912211711526
882,0.21328772956475586,0.690466997658926,0.691204506322825
883,0.3152629857803937,0.9476450660150174,-0.050774783645274636
884,0.46714454081256135,0.08884391611733157,-0.8797060512227693
885,-0.7985233856771504,0.05530616520703716,0.5994177429946437
886,-0.3448473091493613,0.5528824706456009,0.7585521122673518
887,0.23754915509769656,0.27745773478918506,0.9309068719899025
888,-0.36401824887608547,0.7632565158937256,0.5337885399959045
889,-0.37916735397756707,-0.9253053790069778,0.006486390244461645
890,-0.011547377865161383,0.09674334887407453,-0.99524237375278
891,0.76049464128519,-0.1225999440496494,0.6376653936787953
892,-0.761164622438324,-0.09626100644756158,-0.641375269390726
893,0.6514501597239359,0.6409620382171347,0.40593146584145795
894,-0.20498975119183474,0.6202179906946969,-0.7571716092966921
895,0.4223563590430524,0.18541536760655677,0.8872633472826552
896,-0.629347129336832,-0.016259164969338102,-0.7769542009346424
897,0.5913130766302331,-0.5918863646843189,0.5477402456519601
898,0.32581168638347335,-0.9301466239264977,-0.16933399839989552
899,0.5504105071190923,-0.49968367616883375,0.6688531209640154
900,0.96920331548439,-0.008197449086181403,0.2461254458249809
901,-0.8717908194404466,-0.4103065133711591,-0.2676365674278417
902,0.9094580377254472,-0.1232143456053943,0.39712001039183803
903,-0.020533187438533138,-0.8527417150187371,0.521929071503511
904,-0.5895730871887342,-0.0991416919258214,-0.801607447435982
905,-0.2759174554182697,-0.5739260928448573,-0.7710242523729999
906,0.20415724211407926,-0.971690051330862,-0.11890443489206039
907,-0.8371225230444197,-0.4081069576511237,0.3642452367958831
908,0.589675926264013,0.04595747120245557,-0.8063313294331022
909,-0.3957907191899017,0.6367421585078474,-0.6617470288425235
910,-0.9066480822817516,0.3728519280116013,0.19740996599172472
911,0.5853043481796336,-0.38579781100745103,-0.713147158042345
912,-0.8722067135861025,0.14099204134920268,-0.46837665724448246
913,0.7697068967154795,0.6353225863221155,-0.06258198189258797
914,0.6981402370400549,-0.7145996022220801,0.044131824454704476
915,-0.8657556652744711,0.3532370280898945,0.3545288846220815
916,0.45743598001004576,0.7011247021369884,-0.5469702699832674
917,-0.41106190907184426,0.044491849249902786,-0.9105210498722887
918,-0.13081498624224674,0.9231513177262264,-0.361495620934435
919,-0.7268411681799102,0.27433274474581826,0.629637563522928
920,-0.9653947308603896,-0.08929326090119928,0.24503005363552097
921,0.8905255069286462,-0.23159969042676912,-0.39156851878528565
922,-0.5239837726294221,0.5469672699821726,-0.6528918835376094
923,-0.9166802386725953,0.38440836874556794,-0.1092133053502417
924,0.909650968315585,0.3162952481712214,0.2692441862451703
925,-0.6435089044388793,-0.03601630349152807,-0.7645908159209601
926,0.39915389350576536,0.6295983550736443,0.6665448826506356
927,0.31482203231615685,-0.7732671276365768,0.5504044306553162
928,0.5385138988777184,0.7134208211349691,0.4483676088731489
929,-0.04349528437227393,0.9232911484736486,0.3816302076455506
930,-0.9813084489788598,-0.1656265088679421,0.09798769067042068
931,0.05237848352720924,0.8605732787444937,-0.5066262195883091
932,-0.4171499660588572,0.8528241618335207,-0.31412872331266845
933,-0.17473528816346331,0.9843663981551001,0.022144372955363756
934,-0.7702276032645943,0.5746364613248551,-0.27666292936591086
935,-0.28051795505763394,-0.1345262639924089,0.9503748529851408
936,0.20864474188179452,0.9665180153977676,0.14936632015497983
937,0.6081875364060783,0.7773140090685257,-0.16090634501510856
938,0.9081336230180392,0.2182633874770773,-0.357287582251554
939,-0.9635777166753071,0.09458996066393065,-0.2501414065451734
940,0.1704418644427115,-0.9710816138058885,-0.1671827448436097
941,-0.44271474941994127,-0.8750531701668416,0.1956670642366758
942,0.6998673156260093,0.25327976788205897,0.6678585925928138
943,-0.13054496763492374,0.8355924349495645,0.5336134313154557
944,0.7187267449972261,-0.47623790709488234,0.5065859471714337
945,-0.37252132677886407,0.1511706188528897,0.9156283662548628
946,0.8169270911102664,0.2122118661154289,0.5362800123908458
947,-0.020865781029252645,0.9984012856250626,-0.052530867537681186
948,0.9224852526420232,0.0930828809924756,0.37464187689595396
949,0.7034422984094326,0.034831454412448025,-0.70989837483401
950,-0.6529034740478749,0.6763531269691937,-0.3409743409924121
951,0.3750237094147668,0.13226866644241908,-0.9175304993591944
952,-0.010717870522645173,-0.9056317234163415,0.4239296035822538
953,-0.03855018248420273,-0.4608925353194848,0.8866182686574939
954,-0.17543772995660778,0.8148886255401467,-0.5524292994338396
955,-0.4803281264231694,0.8608346220833746,-0.16807333039296127
956,0.9931423884221947,0.07820505332777906,0.08690319875043627
957,0.5384907936894058,0.12528808164550126,0.8332650008906795
958,-0.6955397541790527,-0.08209376137653125,0.7137822249815389
959,0.2200492630588465,0.48581091281104605,0.8459113894616603
960,0.5780592545799695,-0.3824895153233999,-0.7207976615265345
961,0.9311315921358233,-0.06927605530801692,-0.35804299502652925
962,0.009677032669961384,-0.1694391378060431,-0.9854931423496813
963,-0.7466778919022174,-0.6529556262888893,-0.12696879869536792
964,-0.6578634586905849,0.6623694772450602,-0.3584443406357069
965,0.7408873456813698,-0.6685042638949525,-0.06471468275037771
966,-0.4910012464212389,-0.4900952500032244,-0.7202252577750012
967,0.7347753720711342,0.5943730670871493,0.32684217861093356
968,0.39659657181109487,0.2148763898399147,-0.8924905020878665
969,0.2675024736026785,-0.9160768311925082,0.298740131165435
970,0.546975375827667,-0.7554672786192462,-0.36067593373250245
971,-0.05002069042783769,0.8683487067703308,0.4934252263306127
972,-0.53451654273556,-0.7926142855795074,-0.2933507454180254
973,-0.9178075648186416,0.21008798162600448,0.3368862032467145
974,0.8955443052494947,0.2964418817785614,-0.33184726616741245
975,-0.9263195368583957,0.055290271611021194,0.37265949806710513
976,-0.40087427654950036,0.4087684315211767,-0.8198830305553542
977,0.6002420740393822,-0.7071357633605453,0.37372244343817485
978,0.5298697022361778,0.7776437384570287,-0.3383907721713467
979,-0.027037261645864504,0.2504492524088413,0.9677521162211662
980,0.28335187328197775,-0.9317930050769772,0.226877745927648
981,-0.5993771364518273,-0.07332730252490376,0.797101094594173
982,0.36563418042620066,-0.8096340765002211,0.45913430308973274
983,-0.6174032573536836,0.5249858744917361,0.585835343243482
984,-0.4593451493900052,0.2829858974027318,-0.8419744744367518
985,-0.18871610909423514,-0.027457187838199358,0.9816477642231711
986,-0.3855641280788234,0.8711417950271109,-0.30405965877728636
987,-0.6724292879402325,0.08116375023439815,-0.7356978308844468
988,-0.6709188804751061,-0.7228367424077797,-0.165453617812786
989,-0.9868158331612457,-0.0385055304729697,-0.15719998583101652
990,-0.8627971236807079,0.5049232586910976,-0.025171932803426077
991,-0.2553933025901129,0.020163930316309985,-0.9666269585038036
992,0.6291185530804868,0.7708259690541254,-0.10018568561268361
993,0.3459720900108895,0.4230041834603155,0.8374788198566987
994,-0.0039052696015301,-0.646401455760371,0.7629874880102638
995,-0.5063056688793981,0.3304096732738806,-0.7965450504947179
996,-0.9743918642092313,0.19290265991849154,-0.11553812686394867
997,-0.42060112285148477,0.5768068490576203,0.700277483813588
998,-0.9226843533696842,0.2999229727226572,0.24228040465537418
999,0.7648335919781974,0.5895355107171236,-0.25976423577010854
